Workbook

Sheet Base_clients
A1: ID_Client | B1: Nom | C1: Prénom | D1: Type_Compte | E1: Solde_FCFA | F1: Statut | G1: Date_Ouverture | H1: Agence | I1: Categorie_Solde
A2: C001 | B2: MBARGA | C2: Paul | D2: Courant | E2: 1250000 | F2: Actif | G2: 44168 | H2: Akwa | I2: =IF(E2=0,"Compte vide",IF(E2<500000,"Solde fiable",IF(E2<5000000,"Solde moyen","Solde eleve"))) -> Solde moyen
A3: C002 | B3: FOTSO | C3: Marie | D3: Epargne | E3: 3800000 | F3: Actif | G3: 43592 | H3: Bonanjo | I3: =IF(E3=0,"Compte vide",IF(E3<500000,"Solde fiable",IF(E3<5000000,"Solde moyen","Solde eleve"))) -> Solde moyen
A4: C003 | B4: NJIKE | C4: Jean | D4: Courant | E4: 450000 | F4: Actif | G4: 22/11/2021 | H4: Akwa | I4: =IF(E4=0,"Compte vide",IF(E4<500000,"Solde fiable",IF(E4<5000000,"Solde moyen","Solde eleve"))) -> Solde fiable
A5: C004 | B5: BELLO | C5: Aissatou | D5: Professionnel | E5: 8200000 | F5: Actif | G5: 15/01/2018 | H5: Bassa | I5: =IF(E5=0,"Compte vide",IF(E5<500000,"Solde fiable",IF(E5<5000000,"Solde moyen","Solde eleve"))) -> Solde eleve
A6: C005 | B6: SIMO | C6: Cédric | D6: Epargne | E6: 125000 | F6: Inactif | G6: 30/06/2022 | H6: Akwa | I6: =IF(E6=0,"Compte vide",IF(E6<500000,"Solde fiable",IF(E6<5000000,"Solde moyen","Solde eleve"))) -> Solde fiable
A7: C006 | B7: NKOA | C7: Flore | D7: Courant | E7: 2100000 | F7: Actif | G7: 42956 | H7: Bonanjo | I7: =IF(E7=0,"Compte vide",IF(E7<500000,"Solde fiable",IF(E7<5000000,"Solde moyen","Solde eleve"))) -> Solde moyen
A8: C007 | B8: ABANDA | C8: Roger | D8: Professionnel | E8: 15600000 | F8: Actif | G8: 14/02/2016 | H8: Bassa | I8: =IF(E8=0,"Compte vide",IF(E8<500000,"Solde fiable",IF(E8<5000000,"Solde moyen","Solde eleve"))) -> Solde eleve
A9: C008 | B9: MANGA | C9: Sophie | D9: Courant | E9: 0 | F9: Inactif | G9: 20/04/2023 | H9: Akwa | I9: =IF(E9=0,"Compte vide",IF(E9<500000,"Solde fiable",IF(E9<5000000,"Solde moyen","Solde eleve"))) -> Compte vide
A10: C009 | B10: TCHOUPO | C10: Alain | D10: Epargne | E10: 5400000 | F10: Actif | G10: 43781 | H10: Bonanjo | I10: =IF(E10=0,"Compte vide",IF(E10<500000,"Solde fiable",IF(E10<5000000,"Solde moyen","Solde eleve"))) -> Solde eleve
A11: C010 | B11: DJOUMBE | C11: Estelle | D11: Courant | E11: 780000 | F11: Actif | G11: 44258 | H11: Akwa | I11: =IF(E11=0,"Compte vide",IF(E11<500000,"Solde fiable",IF(E11<5000000,"Solde moyen","Solde eleve"))) -> Solde moyen
A12: C011 | B12: KAMGA | C12: Thiery | D12: Professionnel | E12: 22000000 | F12: Actif | G12: 28/08/2015 | H12: Bonanjo | I12: =IF(E12=0,"Compte vide",IF(E12<500000,"Solde fiable",IF(E12<5000000,"Solde moyen","Solde eleve"))) -> Solde eleve
A13: C012 | B13: ETOA | C13: Brigitte | D13: Epargne | E13: 350000 | F13: Actif | G13: 17/10/2022 | H13: Bassa | I13: =IF(E13=0,"Compte vide",IF(E13<500000,"Solde fiable",IF(E13<5000000,"Solde moyen","Solde eleve"))) -> Solde fiable
A14: C013 | B14: OUMAROU | C14: Ibrahim | D14: Courant | E14: 95000 | F14: Inactif | G14: 45174 | H14: Akwa | I14: =IF(E14=0,"Compte vide",IF(E14<500000,"Solde fiable",IF(E14<5000000,"Solde moyen","Solde eleve"))) -> Solde fiable
A15: C014 | B15: NGUEMA | C15: Laure | D15: Epargne | E15: 4750000 | F15: Actif | G15: 25/01/2020 | H15: Bonanjo | I15: =IF(E15=0,"Compte vide",IF(E15<500000,"Solde fiable",IF(E15<5000000,"Solde moyen","Solde eleve"))) -> Solde moyen
A16: C015 | B16: FOKAM | C16: Olivier | D16: Professionnel | E16: 9900000 | F16: Actif | G16: 43257 | H16: Bassa | I16: =IF(E16=0,"Compte vide",IF(E16<500000,"Solde fiable",IF(E16<5000000,"Solde moyen","Solde eleve"))) -> Solde eleve

Sheet Transactions
A1: N° | B1: ID_Trans | C1: Date | D1: ID_Client | E1: Montant (FCFA) | F1: Type | G1: Canal | H1: Flag | I1: Semaine | J1: Montant_Seuil | K1: Flag_Suspect | L1: Cumul_Client
A2: 1 | B2: T2401 | C2: 45567 | D2: C001 | E2: 250000 | F2: Retrait | G2: Guichet | I2: =_xlfn.ISOWEEKNUM(C2) -> 40 | J2: =IF(E2>5000000, "Haute valeur", "Normal") -> Normal | K2: =IF(AND(E2>5000000, H2="⚠️"), "URGENT", "OK") -> OK | L2: =SUMIF($D$2:D21,D2,$E$2:E21) -> 430000
A3: 2 | B3: T2402 | C3: 45567 | D3: C006 | E3: 1800000 | F3: Virement | G3: Mobile | I3: =_xlfn.ISOWEEKNUM(C3) -> 40 | J3: =IF(E3>5000000, "Haute valeur", "Normal") -> Normal | K3: =IF(AND(E3>5000000, H3="⚠️"), "URGENT", "OK") -> OK | L3: =SUMIF($D$2:D22,D3,$E$2:E22) -> 1800000
A4: 3 | B4: T2403 | C4: 45568 | D4: C003 | E4: 75000 | F4: Depot | G4: Guichet | I4: =_xlfn.ISOWEEKNUM(C4) -> 40 | J4: =IF(E4>5000000, "Haute valeur", "Normal") -> Normal | K4: =IF(AND(E4>5000000, H4="⚠️"), "URGENT", "OK") -> OK | L4: =SUMIF($D$2:D23,D4,$E$2:E23) -> 110000
A5: 4 | B5: T2404 | C5: 45570 | D5: C011 | E5: 9500000 | F5: Virement | G5: Web | H5: ⚠️ | I5: =_xlfn.ISOWEEKNUM(C5) -> 40 | J5: =IF(E5>5000000, "Haute valeur", "Normal") -> Haute valeur | K5: =IF(AND(E5>5000000, H5="⚠️"), "URGENT", "OK") -> URGENT | L5: =SUMIF($D$2:D24,D5,$E$2:E24) -> 29300000
A6: 5 | B6: T2405 | C6: 45572 | D6: C002 | E6: 300000 | F6: Retrait | G6: DAB | I6: =_xlfn.ISOWEEKNUM(C6) -> 41 | J6: =IF(E6>5000000, "Haute valeur", "Normal") -> Normal | K6: =IF(AND(E6>5000000, H6="⚠️"), "URGENT", "OK") -> OK | L6: =SUMIF($D$2:D25,D6,$E$2:E25) -> 395000
A7: 6 | B7: T2406 | C7: 45573 | D7: C008 | E7: 0 | F7: Depot | G7: Guichet | H7: ⚠️ | I7: =_xlfn.ISOWEEKNUM(C7) -> 41 | J7: =IF(E7>5000000, "Haute valeur", "Normal") -> Normal | K7: =IF(AND(E7>5000000, H7="⚠️"), "URGENT", "OK") -> OK | L7: =SUMIF($D$2:D26,D7,$E$2:E26) -> 0
A8: 7 | B8: T2407 | C8: 45575 | D8: C004 | E8: 2100000 | F8: Virement | G8: Web | I8: =_xlfn.ISOWEEKNUM(C8) -> 41 | J8: =IF(E8>5000000, "Haute valeur", "Normal") -> Normal | K8: =IF(AND(E8>5000000, H8="⚠️"), "URGENT", "OK") -> OK | L8: =SUMIF($D$2:D27,D8,$E$2:E27) -> 2100000
A9: 8 | B9: T2408 | C9: 45577 | D9: C015 | E9: 8200000 | F9: Virement | G9: Web | H9: ⚠️ | I9: =_xlfn.ISOWEEKNUM(C9) -> 41 | J9: =IF(E9>5000000, "Haute valeur", "Normal") -> Haute valeur | K9: =IF(AND(E9>5000000, H9="⚠️"), "URGENT", "OK") -> URGENT | L9: =SUMIF($D$2:D28,D9,$E$2:E28) -> 8200000
A10: 9 | B10: T2409 | C10: 45579 | D10: C017 | E10: 450000 | F10: Retrait | G10: DAB | I10: =_xlfn.ISOWEEKNUM(C10) -> 42 | J10: =IF(E10>5000000, "Haute valeur", "Normal") -> Normal | K10: =IF(AND(E10>5000000, H10="⚠️"), "URGENT", "OK") -> OK | L10: =SUMIF($D$2:D29,D10,$E$2:E29) -> 450000
A11: 10 | B11: T2410 | C11: 45580 | D11: C013 | E11: 10000 | F11: Depot | G11: Mobile | I11: =_xlfn.ISOWEEKNUM(C11) -> 42 | J11: =IF(E11>5000000, "Haute valeur", "Normal") -> Normal | K11: =IF(AND(E11>5000000, H11="⚠️"), "URGENT", "OK") -> OK | L11: =SUMIF($D$2:D30,D11,$E$2:E30) -> 10000
A12: 11 | B12: T2411 | C12: 45581 | D12: C001 | E12: 180000 | F12: Retrait | G12: DAB | I12: =_xlfn.ISOWEEKNUM(C12) -> 42 | J12: =IF(E12>5000000, "Haute valeur", "Normal") -> Normal | K12: =IF(AND(E12>5000000, H12="⚠️"), "URGENT", "OK") -> OK | L12: =SUMIF($D$2:D31,D12,$E$2:E31) -> 430000
A13: 12 | B13: T2412 | C13: 45583 | D13: C009 | E13: 620000 | F13: Virement | G13: Web | I13: =_xlfn.ISOWEEKNUM(C13) -> 42 | J13: =IF(E13>5000000, "Haute valeur", "Normal") -> Normal | K13: =IF(AND(E13>5000000, H13="⚠️"), "URGENT", "OK") -> OK | L13: =SUMIF($D$2:D32,D13,$E$2:E32) -> 620000
A14: 13 | B14: T2413 | C14: 45584 | D14: C002 | E14: 95000 | F14: Depot | G14: Guichet | I14: =_xlfn.ISOWEEKNUM(C14) -> 42 | J14: =IF(E14>5000000, "Haute valeur", "Normal") -> Normal | K14: =IF(AND(E14>5000000, H14="⚠️"), "URGENT", "OK") -> OK | L14: =SUMIF($D$2:D33,D14,$E$2:E33) -> 395000
A15: 14 | B15: T2414 | C15: 45585 | D15: C011 | E15: 12000000 | F15: Virement | G15: Web | H15: ⚠️ | I15: =_xlfn.ISOWEEKNUM(C15) -> 42 | J15: =IF(E15>5000000, "Haute valeur", "Normal") -> Haute valeur | K15: =IF(AND(E15>5000000, H15="⚠️"), "URGENT", "OK") -> URGENT | L15: =SUMIF($D$2:D34,D15,$E$2:E34) -> 29300000
A16: 15 | B16: T2415 | C16: 45587 | D16: C005 | E16: 50000 | F16: Retrait | G16: DAB | I16: =_xlfn.ISOWEEKNUM(C16) -> 43 | J16: =IF(E16>5000000, "Haute valeur", "Normal") -> Normal | K16: =IF(AND(E16>5000000, H16="⚠️"), "URGENT", "OK") -> OK | L16: =SUMIF($D$2:D35,D16,$E$2:E35) -> 50000
A17: 16 | B17: T2416 | C17: 45589 | D17: C014 | E17: 900000 | F17: Virement | G17: Mobile | I17: =_xlfn.ISOWEEKNUM(C17) -> 43 | J17: =IF(E17>5000000, "Haute valeur", "Normal") -> Normal | K17: =IF(AND(E17>5000000, H17="⚠️"), "URGENT", "OK") -> OK | L17: =SUMIF($D$2:D36,D17,$E$2:E36) -> 900000
A18: 17 | B18: T2417 | C18: 45590 | D18: C003 | E18: 35000 | F18: Retrait | G18: Guichet | I18: =_xlfn.ISOWEEKNUM(C18) -> 43 | J18: =IF(E18>5000000, "Haute valeur", "Normal") -> Normal | K18: =IF(AND(E18>5000000, H18="⚠️"), "URGENT", "OK") -> OK | L18: =SUMIF($D$2:D37,D18,$E$2:E37) -> 110000
A19: 18 | B19: T2418 | C19: 45591 | D19: C012 | E19: 200000 | F19: Depot | G19: Guichet | I19: =_xlfn.ISOWEEKNUM(C19) -> 43 | J19: =IF(E19>5000000, "Haute valeur", "Normal") -> Normal | K19: =IF(AND(E19>5000000, H19="⚠️"), "URGENT", "OK") -> OK | L19: =SUMIF($D$2:D38,D19,$E$2:E38) -> 200000
A20: 19 | B20: T2419 | C20: 45593 | D20: C007 | E20: 3400000 | F20: Virement | G20: Web | I20: =_xlfn.ISOWEEKNUM(C20) -> 44 | J20: =IF(E20>5000000, "Haute valeur", "Normal") -> Normal | K20: =IF(AND(E20>5000000, H20="⚠️"), "URGENT", "OK") -> OK | L20: =SUMIF($D$2:D39,D20,$E$2:E39) -> 3400000
A21: 20 | B21: T2420 | C21: 45595 | D21: C011 | E21: 7800000 | F21: Retrait | G21: Guichet | H21: ⚠️ | I21: =_xlfn.ISOWEEKNUM(C21) -> 44 | J21: =IF(E21>5000000, "Haute valeur", "Normal") -> Haute valeur | K21: =IF(AND(E21>5000000, H21="⚠️"), "URGENT", "OK") -> URGENT | L21: =SUMIF($D$2:D40,D21,$E$2:E40) -> 29300000

Sheet Journal_nettoyage
D3: JOURNAL D'AUDIT — NETTOYAGE DES DONNÉES — BASE CLIENTS INITIALE
D4: Ce journal documente toutes les anomalies détectées et corrigées lors de l'audit qualité des données clients.
D5: RÉSUMÉ DES ANOMALIES DÉTECTÉES
D6: # | E6: Type d'anomalie | F6: Nb de cas | G6: Formule / Méthode utilisée | H6: Statut | I6: Date correction
D7: 1 | E7: Espaces parasites dans les noms (ex: ' mbarga paul ') | F7: 4 | H7: ✅ Corrigé | I7: 46141
D8: 2 | E8: Majuscules/minuscules incohérentes (ex: 'FOTSO marie') | F8: 15 | H8: ✅ Corrigé | I8: 46141
D9: 3 | E9: Formats de date incohérents (MM-DD-YYYY vs DD/MM/YYYY) | F9: 3 | G9: Rechercher/Remplacer : '-' → '/' + reformat en JJ/MM/AAAA | H9: ✅ Corrigé | I9: 46141
D10: 4 | E10: Valeurs manquantes dans la colonne Solde | F10: 2 | H10: ✅ Corrigé | I10: 46141
D11: 5 | E11: Numéros de téléphone avec espaces (ex: '699 11 22 33') | F11: 6 | H11: ✅ Corrigé | I11: 46141
D12: 6 | E12: Doublons exacts (lignes identiques) | F12: 1 | G12: Données → Supprimer les doublons → 1 ligne supprimée | H12: ✅ Corrigé | I12: 46141
D15: MÉTRIQUES QUALITÉ DONNÉES — AVANT / APRÈS NETTOYAGE
D16: Indicateur | E16: Avant nettoyage | F16: Après nettoyage | G16: Amélioration | H16: Formule | I16: Commentaire
D17: Nb total de lignes | E17: 16 | F17: 15 | G17: -1 (doublon supprimé) | H17: NB(A:A)-1 | I17: 1 doublon exact éliminé
D18: % champs texte nettoyés | E18: 73% | F18: 100% | G18: +27% | H18: NBVAL(propres)/NBVAL(total) | I18: SUPPRESPACE + NOMPROPRE
D19: Nb valeurs manquantes | E19: 2 | F19: 0 | G19: -2 | H19: NB.SI(E:E;"") | I19: Remplacées par 0 + flag
D20: Nb doublons | E20: 1 | F20: 0 | G20: -1 | H20: Outil natif Excel | I20: Suppression définitive
D21: % données conformes | E21: 68% | F21: 100% | G21: +32% | H21: Audit manuel complet | I21: Toutes colonnes vérifiées

Sheet Calculs_KPIs
A1: Questions posees | B1: Formule
A2: Encours total de l'agence | B2: =_xlfn.FORMULATEXT(Dashboard!D11) -> =SOMME.SI(Base_clients!F2:F16; "Actif"; Base_clients!E2:E16)
A3: Nb clients actifs | B3: =_xlfn.FORMULATEXT(Dashboard!D13) -> =NB.SI(Base_clients!F2:F16; "Actif")
A4: Solde moyen par actif | B4: =_xlfn.FORMULATEXT(Dashboard!D15) -> =MOYENNE.SI(Base_clients!F2:F16; "Actif"; Base_clients!E2:E16)
A5: Volume transaction du mois | B5: =_xlfn.FORMULATEXT(Dashboard!D17) -> =SOMME(Transactions!E2:E21)
A6: Nb transactions hautes | B6: =_xlfn.FORMULATEXT(Dashboard!D19) -> =NB.SI(Transactions!J2:J21; "Haute valeur")
A7: Nom top 3 client | B7: =_xlfn.FORMULATEXT(Dashboard!D23) -> =INDEX(Base_clients!B2:B16; EQUIV(GRANDE.VALEUR(Base_clients!E2:E16;1);Base_clients!E2:E16;0))
A8: Prenom top 3 client | B8: =_xlfn.FORMULATEXT(Dashboard!E23) -> =INDEX(Base_clients!C2:C16; EQUIV(GRANDE.VALEUR(Base_clients!E2:E16;1);Base_clients!E2:E16;0))
A9: Solde top 3 client | B9: =_xlfn.FORMULATEXT(Dashboard!F23) -> =RECHERCHEX(D23; Base_clients!B2:B16; Base_clients!E2:E16)
A10: Transaction max du mois | B10: =_xlfn.FORMULATEXT(Dashboard!D26) -> =MAX(Transactions!E2:E21)

Sheet Dashboard
B6: RAPPORT MENSUEL - AGENCE ECOBANK AKWA - OCTOBRE 2024
B11: Encours total de l'agence | D11: =SUMIF(Base_clients!F2:F16, "Actif", Base_clients!E2:E16) -> 74580000
B13: Nombre de clients actifs | D13: =COUNTIF(Base_clients!F2:F16, "Actif") -> 12
B15: Solde moyen par actif | D15: =AVERAGEIF(Base_clients!F2:F16, "Actif", Base_clients!E2:E16) -> 6215000
B17: Volume transactions du mois | D17: =SUM(Transactions!E2:E21) -> 47965000
B19: Nombre de transactions hautes valeurs | D19: =COUNTIF(Transactions!J2:J21, "Haute valeur") -> 4
B21: Taux de compte inactif | D21: =COUNTIF(Base_clients!F2:F16,"Inactif")/COUNTA(Base_clients!F2:F16) -> 0.2
B23: Top 3 des clients par soldes | D23: =INDEX(Base_clients!B2:B16, MATCH(LARGE(Base_clients!E2:E16,1),Base_clients!E2:E16,0)) -> KAMGA | E23: =INDEX(Base_clients!C2:C16, MATCH(LARGE(Base_clients!E2:E16,1),Base_clients!E2:E16,0)) -> Thiery | F23: =_xlfn.XLOOKUP(D23, Base_clients!B2:B16, Base_clients!E2:E16) -> 22000000
D24: =INDEX(Base_clients!$B$3:B17, MATCH(LARGE(Base_clients!$E$3:E17,2),Base_clients!$E$3:E17,0)) -> ABANDA | E24: =INDEX(Base_clients!$C$3:C17, MATCH(LARGE(Base_clients!$E$3:E17,2),Base_clients!$E$3:E17,0)) -> Roger | F24: {=_xlfn.XLOOKUP(D24, Base_clients!$B$3:B17, Base_clients!$E$3:E17)} -> 15600000
D25: =INDEX(Base_clients!$B$4:B18, MATCH(LARGE(Base_clients!$E$4:E18,3),Base_clients!$E$4:E18,0)) -> FOKAM | E25: =INDEX(Base_clients!$C$4:C18, MATCH(LARGE(Base_clients!$E$4:E18,3),Base_clients!$E$4:E18,0)) -> Olivier | F25: {=_xlfn.XLOOKUP(D25, Base_clients!$B$3:B18, Base_clients!$E$3:E18)} -> 9900000
B26: Transaction max du mois | D26: =MAX(Transactions!E2:E21) -> 12000000
